Ship Mode,Total_Shipments,Avg_Lead_Time,Lead_Time_Std
First Class,1548,1338.2758397932816,265.63214015366566
Same Day,547,1333.4424131627056,253.81337399857296
Second Class,1979,1323.845376452754,261.8135694327701
Standard Class,6120,1314.3346405228758,262.40011622140537
